Key;Flow Name;Producer Model;Producer port;Producer operator;Signal Name;Consumer Model;Consumer port;Consumer Operator;Priority;Automatic Choice Available;Automatic Choice;Manual Choice;Comment
EIU/1/ATHR_Inop;ALL-SIMU_FLOW_ENG_FFS1_reduced.csv;;;;ATHR_Inop;EIU/1;ATHR_Inop;;1;Connection Over Empty;;;
EIU/1/ATHR_Inop;ALL-SIMU_FLOW_MSP_CFM_V5.0.csv;FGE/1;OUT_BATHINOP;;OUT_BATHINOP;EIU/1;ATHR_Inop;;2;Connection Over Empty;X;;
EIU/1/EEC_A_LABEL272_BIT12;ALL-SIMU_FLOW_ENG_FFS1_reduced.csv;;;;EEC_A_LABEL272_BIT12;EIU/1;EEC_A_LABEL272_BIT12;;1;Connection Over Empty;;;
EIU/1/EEC_A_LABEL272_BIT12;ALL-SIMU_FLOW_MSP_CFM_V5.0.csv;FADEC/1;EEC_LBL272_PCN1REDEXCAS_A;;FADEC_1_EEC_LBL272_PCN1REDEXCAS_A;EIU/1;EEC_A_LABEL272_BIT12;;2;Connection Over Empty;X;;
EIU/1/EEC_A_PS3_Sel;ALL-SIMU_FLOW_ENG_FFS1_reduced.csv;;;;EEC_A_PS3_Sel;EIU/1;EEC_A_PS3_Sel;;1;Connection Over Empty;;;
EIU/1/EEC_A_PS3_Sel;ALL-SIMU_FLOW_MSP_CFM_V5.0.csv;FADEC/1;EEC_LBL264_PS3SEL_A;;FADEC_1_EEC_LBL264_PS3SEL_A;EIU/1;EEC_A_PS3_Sel;;2;Connection Over Empty;X;;
EIU/1/EEC_B_LABEL272_BIT12;ALL-SIMU_FLOW_ENG_FFS1_reduced.csv;;;;EEC_B_LABEL272_BIT12;EIU/1;EEC_B_LABEL272_BIT12;;1;Connection Over Empty;;;
EIU/1/EEC_B_LABEL272_BIT12;ALL-SIMU_FLOW_MSP_CFM_V5.0.csv;FADEC/1;EEC_LBL272_PCN1REDEXCAS_B;;FADEC_1_EEC_LBL272_PCN1REDEXCAS_B;EIU/1;EEC_B_LABEL272_BIT12;;2;Connection Over Empty;X;;
EIU/1/EEC_B_PS3_Sel;ALL-SIMU_FLOW_ENG_FFS1_reduced.csv;;;;EEC_B_PS3_Sel;EIU/1;EEC_B_PS3_Sel;;1;Connection Over Empty;;;
EIU/1/EEC_B_PS3_Sel;ALL-SIMU_FLOW_MSP_CFM_V5.0.csv;FADEC/1;EEC_LBL264_PS3SEL_B;;FADEC_1_EEC_LBL264_PS3SEL_B;EIU/1;EEC_B_PS3_Sel;;2;Connection Over Empty;X;;
EIU/1/Engine1_Inlet_Precooler_Press1;ALL-SIMU_FLOW_ENG_FFS1_reduced.csv;;;;Engine1_Inlet_Precooler_Press1;EIU/1;Engine1_Inlet_Precooler_Press1;;1;Connection Over Empty;;;
EIU/1/Engine1_Inlet_Precooler_Press1;ALL-SIMU_FLOW_MSP_CFM_V5.0.csv;BMC/1;ARO_LH_BPS_psig;;ARO_LH_BPS_psig_BMC_1;EIU/1;Engine1_Inlet_Precooler_Press1;Psi_To_mBar;2;Connection Over Empty;X;;
EIU/1/Engine1_Inlet_Precooler_Press2;ALL-SIMU_FLOW_ENG_FFS1_reduced.csv;;;;Engine1_Inlet_Precooler_Press2;EIU/1;Engine1_Inlet_Precooler_Press2;;1;Connection Over Empty;;;
EIU/1/Engine1_Inlet_Precooler_Press2;ALL-SIMU_FLOW_MSP_CFM_V5.0.csv;BMC/2;ARO_LH_BPS_psig;;ARO_LH_BPS_psig_BMC_2;EIU/1;Engine1_Inlet_Precooler_Press2;Psi_To_mBar;2;Connection Over Empty;X;;
EIU/1/Engine1_Running1;ALL-SIMU_FLOW_ENG_FFS1_reduced.csv;;;;Engine1_Running1;EIU/1;Engine1_Running1;;1;Connection Over Empty;;;
EIU/1/Engine1_Running1;ALL-SIMU_FLOW_MSP_CFM_V5.0.csv;BMC/1;ARO_LH_Eng_running;;ARO_LH_Eng_running_BMC_1;EIU/1;Engine1_Running1;;2;Connection Over Empty;X;;
EIU/1/Engine1_Running2;ALL-SIMU_FLOW_ENG_FFS1_reduced.csv;;;;Engine1_Running2;EIU/1;Engine1_Running2;;1;Connection Over Empty;;;
EIU/1/Engine1_Running2;ALL-SIMU_FLOW_MSP_CFM_V5.0.csv;BMC/2;ARO_LH_Eng_running;;ARO_LH_Eng_running_BMC_2;EIU/1;Engine1_Running2;;2;Connection Over Empty;X;;
EIU/1/Engine1_TCM_For_Flare_FCU;ALL-SIMU_FLOW_ENG_FFS1_reduced.csv;;;;Engine1_TCM_For_Flare_FCU;EIU/1;Engine1_TCM_For_Flare_FCU;;1;Priority;X;;
EIU/1/Engine1_TCM_For_Flare_FCU;ALL-SIMU_FLOW_MSP_CFM_V5.0.csv;;;;OUT_BTCM1;EIU/1;Engine1_TCM_For_Flare_FCU;;2;Priority;;;
EIU/1/Engine2_Inlet_Precooler_Press1;ALL-SIMU_FLOW_ENG_FFS1_reduced.csv;;;;Engine2_Inlet_Precooler_Press1;EIU/1;Engine2_Inlet_Precooler_Press1;;1;Connection Over Empty;;;
EIU/1/Engine2_Inlet_Precooler_Press1;ALL-SIMU_FLOW_MSP_CFM_V5.0.csv;BMC/1;ARO_RH_BPS_psig;;ARO_RH_BPS_psig_BMC_1;EIU/1;Engine2_Inlet_Precooler_Press1;Psi_To_mBar;2;Connection Over Empty;X;;
EIU/1/Engine2_Inlet_Precooler_Press2;ALL-SIMU_FLOW_ENG_FFS1_reduced.csv;;;;Engine2_Inlet_Precooler_Press2;EIU/1;Engine2_Inlet_Precooler_Press2;;1;Connection Over Empty;;;
EIU/1/Engine2_Inlet_Precooler_Press2;ALL-SIMU_FLOW_MSP_CFM_V5.0.csv;BMC/2;ARO_RH_BPS_psig;;ARO_RH_BPS_psig_BMC_2;EIU/1;Engine2_Inlet_Precooler_Press2;Psi_To_mBar;2;Connection Over Empty;X;;
EIU/1/Engine2_Running1;ALL-SIMU_FLOW_ENG_FFS1_reduced.csv;;;;Engine2_Running1;EIU/1;Engine2_Running1;;1;Connection Over Empty;;;
EIU/1/Engine2_Running1;ALL-SIMU_FLOW_MSP_CFM_V5.0.csv;BMC/1;ARO_RH_Eng_running;;ARO_RH_Eng_running_BMC_1;EIU/1;Engine2_Running1;;2;Connection Over Empty;X;;
EIU/1/Engine2_Running2;ALL-SIMU_FLOW_ENG_FFS1_reduced.csv;;;;Engine2_Running2;EIU/1;Engine2_Running2;;1;Connection Over Empty;;;
EIU/1/Engine2_Running2;ALL-SIMU_FLOW_MSP_CFM_V5.0.csv;BMC/2;ARO_RH_Eng_running;;ARO_RH_Eng_running_BMC_2;EIU/1;Engine2_Running2;;2;Connection Over Empty;X;;
EIU/1/Engine2_TCM_For_Flare_FCU;ALL-SIMU_FLOW_ENG_FFS1_reduced.csv;;;;Engine2_TCM_For_Flare_FCU;EIU/1;Engine2_TCM_For_Flare_FCU;;1;Priority;X;;
EIU/1/Engine2_TCM_For_Flare_FCU;ALL-SIMU_FLOW_MSP_CFM_V5.0.csv;;;;OUT_BTCM2;EIU/1;Engine2_TCM_For_Flare_FCU;;2;Priority;;;
EIU/1/Essencial115VAC_XP401;ALL-SIMU_FLOW_ENG_FFS1_reduced.csv;;;;Essencial115VAC_XP401;EIU/1;Essencial115VAC_XP401;;1;Connection Over Empty;;;
EIU/1/Essencial115VAC_XP401;ALL-SIMU_FLOW_MSP_CFM_V5.0.csv;syelec/1;EP401XP;;EP401XP;EIU/1;Essencial115VAC_XP401;;2;Connection Over Empty;X;;
EIU/1/Essencial28VDC_PP401;ALL-SIMU_FLOW_ENG_FFS1_reduced.csv;;;;Essencial28VDC_PP401;EIU/1;Essencial28VDC_PP401;;1;Connection Over Empty;;;
EIU/1/Essencial28VDC_PP401;ALL-SIMU_FLOW_MSP_CFM_V5.0.csv;syelec/1;EP401PP;;EP401PP;EIU/1;Essencial28VDC_PP401;;2;Connection Over Empty;X;;
EIU/1/FADEC_Soft_GA_Act;ALL-SIMU_FLOW_ENG_FFS1_reduced.csv;;;;FADEC_Soft_GA_Act;EIU/1;FADEC_Soft_GA_Act;;1;Priority;X;;
EIU/1/FADEC_Soft_GA_Act;ALL-SIMU_FLOW_MSP_CFM_V5.0.csv;;;;OUT_BSGAENG;EIU/1;FADEC_Soft_GA_Act;;2;Priority;;;
EIU/1/K1_in;ALL-SIMU_FLOW_ENG_FFS1_reduced.csv;;;;K1_in;EIU/1;K1_in;;1;Connection Over Empty;;;
EIU/1/K1_in;ALL-SIMU_FLOW_MSP_CFM_V5.0.csv;sycond/1;ACSC2_a4_b_label061_bit12_K1;;ACSC2_a4_b_label061_bit12_K1;EIU/1;K1_in;;2;Connection Over Empty;X;;
EIU/1/K2_in;ALL-SIMU_FLOW_ENG_FFS1_reduced.csv;;;;K2_in;EIU/1;K2_in;;1;Connection Over Empty;;;
EIU/1/K2_in;ALL-SIMU_FLOW_MSP_CFM_V5.0.csv;sycond/1;ACSC2_a4_b_label061_bit13_K2;;ACSC2_a4_b_label061_bit13_K2;EIU/1;K2_in;;2;Connection Over Empty;X;;
EIU/1/K3_in;ALL-SIMU_FLOW_ENG_FFS1_reduced.csv;;;;K3_in;EIU/1;K3_in;;1;Connection Over Empty;;;
EIU/1/K3_in;ALL-SIMU_FLOW_MSP_CFM_V5.0.csv;sycond/1;ACSC2_a4_b_label061_bit14_K3;;ACSC2_a4_b_label061_bit14_K3;EIU/1;K3_in;;2;Connection Over Empty;X;;
EIU/1/K4_in;ALL-SIMU_FLOW_ENG_FFS1_reduced.csv;;;;K4_in;EIU/1;K4_in;;1;Connection Over Empty;;;
EIU/1/K4_in;ALL-SIMU_FLOW_MSP_CFM_V5.0.csv;sycond/1;ACSC2_a4_b_label061_bit15_K4;;ACSC2_a4_b_label061_bit15_K4;EIU/1;K4_in;;2;Connection Over Empty;X;;
EIU/1/K5_in;ALL-SIMU_FLOW_ENG_FFS1_reduced.csv;;;;K5_in;EIU/1;K5_in;;1;Connection Over Empty;;;
EIU/1/K5_in;ALL-SIMU_FLOW_MSP_CFM_V5.0.csv;sycond/1;ACSC2_a4_b_label061_bit16_K5;;ACSC2_a4_b_label061_bit16_K5;EIU/1;K5_in;;2;Connection Over Empty;X;;
EIU/1/K6_in;ALL-SIMU_FLOW_ENG_FFS1_reduced.csv;;;;K6_in;EIU/1;K6_in;;1;Connection Over Empty;;;
EIU/1/K6_in;ALL-SIMU_FLOW_MSP_CFM_V5.0.csv;sycond/1;ACSC2_a4_b_label061_bit17_K6;;ACSC2_a4_b_label061_bit17_K6;EIU/1;K6_in;;2;Connection Over Empty;X;;
EIU/1/LVR_TOGA_Act;ALL-SIMU_FLOW_ENG_FFS1_reduced.csv;;;;LVR_TOGA_Act;EIU/1;LVR_TOGA_Act;;1;Priority;X;;
EIU/1/LVR_TOGA_Act;ALL-SIMU_FLOW_MSP_CFM_V5.0.csv;;;;OUT_BSGINSYS;EIU/1;LVR_TOGA_Act;;2;Priority;;;
EIU/1/MAN_Soft_GA_Act;ALL-SIMU_FLOW_ENG_FFS1_reduced.csv;;;;MAN_Soft_GA_Act;EIU/1;MAN_Soft_GA_Act;;1;Priority;X;;
EIU/1/MAN_Soft_GA_Act;ALL-SIMU_FLOW_MSP_CFM_V5.0.csv;;;;OUT_BSGADIS;EIU/1;MAN_Soft_GA_Act;;2;Priority;;;
EIU/1/Normal115VAC_XP103_XP204;ALL-SIMU_FLOW_ENG_FFS1_reduced.csv;;;;Normal115VAC_XP103_XP204;EIU/1;Normal115VAC_XP103_XP204;;1;Connection Over Empty;;;
EIU/1/Normal115VAC_XP103_XP204;ALL-SIMU_FLOW_MSP_CFM_V5.0.csv;syelec/1;EP103XP;;EP103XP;EIU/1;Normal115VAC_XP103_XP204;;2;Connection Over Empty;X;;
EIU/1/Normal28VDC_PP301_PP202;ALL-SIMU_FLOW_ENG_FFS1_reduced.csv;;;;Normal28VDC_PP301_PP202;EIU/1;Normal28VDC_PP301_PP202;;1;Connection Over Empty;;;
EIU/1/Normal28VDC_PP301_PP202;ALL-SIMU_FLOW_MSP_CFM_V5.0.csv;syelec/1;EP301PP;;EP301PP;EIU/1;Normal28VDC_PP301_PP202;;2;Connection Over Empty;X;;
EIU/1/One_Pack1;ALL-SIMU_FLOW_ENG_FFS1_reduced.csv;;;;One_Pack1;EIU/1;One_Pack1;;1;Connection Over Empty;;;
EIU/1/One_Pack1;ALL-SIMU_FLOW_MSP_CFM_V5.0.csv;sycond/1;ACSC1_a4_b_label061_bit24_OnePackOperation;;ACSC1_a4_b_label061_bit24_OnePackOperation;EIU/1;One_Pack1;;2;Connection Over Empty;X;;
EIU/1/One_Pack2;ALL-SIMU_FLOW_ENG_FFS1_reduced.csv;;;;One_Pack2;EIU/1;One_Pack2;;1;Connection Over Empty;;;
EIU/1/One_Pack2;ALL-SIMU_FLOW_MSP_CFM_V5.0.csv;sycond/1;ACSC2_a4_b_label061_bit24_OnePackOperation;;ACSC2_a4_b_label061_bit24_OnePackOperation;EIU/1;One_Pack2;;2;Connection Over Empty;X;;
EIU/1/Retard_Mode_Active;ALL-SIMU_FLOW_ENG_FFS1_reduced.csv;;;;Retard_Mode_Active;EIU/1;Retard_Mode_Active;;1;Connection Over Empty;;;
EIU/1/Retard_Mode_Active;ALL-SIMU_FLOW_MSP_CFM_V5.0.csv;FGE/1;OUT_BRETARD;;OUT_BRETARD;EIU/1;Retard_Mode_Active;;2;Connection Over Empty;X;;
EIU/1/Thrust_N1_Mode_Active;ALL-SIMU_FLOW_ENG_FFS1_reduced.csv;;;;Thrust_N1_Mode_Active;EIU/1;Thrust_N1_Mode_Active;;1;Connection Over Empty;;;
EIU/1/Thrust_N1_Mode_Active;ALL-SIMU_FLOW_MSP_CFM_V5.0.csv;FGE/1;OUT_BTHRUST;;OUT_BTHRUST;EIU/1;Thrust_N1_Mode_Active;;2;Connection Over Empty;X;;
EIU/1/Two_Pack1;ALL-SIMU_FLOW_ENG_FFS1_reduced.csv;;;;Two_Pack1;EIU/1;Two_Pack1;;1;Connection Over Empty;;;
EIU/1/Two_Pack1;ALL-SIMU_FLOW_MSP_CFM_V5.0.csv;sycond/1;ACSC1_a4_b_label061_bit25_TwoPackOperation;;ACSC1_a4_b_label061_bit25_TwoPackOperation;EIU/1;Two_Pack1;;2;Connection Over Empty;X;;
EIU/1/Two_Pack2;ALL-SIMU_FLOW_ENG_FFS1_reduced.csv;;;;Two_Pack2;EIU/1;Two_Pack2;;1;Connection Over Empty;;;
EIU/1/Two_Pack2;ALL-SIMU_FLOW_MSP_CFM_V5.0.csv;sycond/1;ACSC2_a4_b_label061_bit25_TwoPackOperation;;ACSC2_a4_b_label061_bit25_TwoPackOperation;EIU/1;Two_Pack2;;2;Connection Over Empty;X;;
EIU/1/Xbleed_Valve_Open1;ALL-SIMU_FLOW_ENG_FFS1_reduced.csv;;;;Xbleed_Valve_Open1;EIU/1;Xbleed_Valve_Open1;;1;Connection Over Empty;;;
EIU/1/Xbleed_Valve_Open1;ALL-SIMU_FLOW_MSP_CFM_V5.0.csv;BMC/1;ARX_OUT_CBV_SELECTION_OP;;ARX_OUT_CBV_SELECTION_OP_BMC_1;EIU/1;Xbleed_Valve_Open1;;2;Connection Over Empty;X;;
EIU/1/Xbleed_Valve_Open2;ALL-SIMU_FLOW_ENG_FFS1_reduced.csv;;;;Xbleed_Valve_Open2;EIU/1;Xbleed_Valve_Open2;;1;Connection Over Empty;;;
EIU/1/Xbleed_Valve_Open2;ALL-SIMU_FLOW_MSP_CFM_V5.0.csv;BMC/2;ARX_OUT_CBV_SELECTION_OP;;ARX_OUT_CBV_SELECTION_OP_BMC_2;EIU/1;Xbleed_Valve_Open2;;2;Connection Over Empty;X;;
EIU/2/ATHR_Inop;ALL-SIMU_FLOW_ENG_FFS1_reduced.csv;;;;ATHR_Inop;EIU/2;ATHR_Inop;;1;Connection Over Empty;;;
EIU/2/ATHR_Inop;ALL-SIMU_FLOW_MSP_CFM_V5.0.csv;FGE/1;OUT_BATHINOP;;OUT_BATHINOP;EIU/2;ATHR_Inop;;2;Connection Over Empty;X;;
EIU/2/EEC_A_LABEL272_BIT12;ALL-SIMU_FLOW_ENG_FFS1_reduced.csv;;;;EEC_A_LABEL272_BIT12;EIU/2;EEC_A_LABEL272_BIT12;;1;Connection Over Empty;;;
EIU/2/EEC_A_LABEL272_BIT12;ALL-SIMU_FLOW_MSP_CFM_V5.0.csv;FADEC/2;EEC_LBL272_PCN1REDEXCAS_A;;FADEC_2_EEC_LBL272_PCN1REDEXCAS_A;EIU/2;EEC_A_LABEL272_BIT12;;2;Connection Over Empty;X;;
EIU/2/EEC_A_PS3_Sel;ALL-SIMU_FLOW_ENG_FFS1_reduced.csv;;;;EEC_A_PS3_Sel;EIU/2;EEC_A_PS3_Sel;;1;Connection Over Empty;;;
EIU/2/EEC_A_PS3_Sel;ALL-SIMU_FLOW_MSP_CFM_V5.0.csv;FADEC/2;EEC_LBL264_PS3SEL_A;;FADEC_2_EEC_LBL264_PS3SEL_A;EIU/2;EEC_A_PS3_Sel;;2;Connection Over Empty;X;;
EIU/2/EEC_B_LABEL272_BIT12;ALL-SIMU_FLOW_ENG_FFS1_reduced.csv;;;;EEC_B_LABEL272_BIT12;EIU/2;EEC_B_LABEL272_BIT12;;1;Connection Over Empty;;;
EIU/2/EEC_B_LABEL272_BIT12;ALL-SIMU_FLOW_MSP_CFM_V5.0.csv;FADEC/2;EEC_LBL272_PCN1REDEXCAS_B;;FADEC_2_EEC_LBL272_PCN1REDEXCAS_B;EIU/2;EEC_B_LABEL272_BIT12;;2;Connection Over Empty;X;;
EIU/2/EEC_B_PS3_Sel;ALL-SIMU_FLOW_ENG_FFS1_reduced.csv;;;;EEC_B_PS3_Sel;EIU/2;EEC_B_PS3_Sel;;1;Connection Over Empty;;;
EIU/2/EEC_B_PS3_Sel;ALL-SIMU_FLOW_MSP_CFM_V5.0.csv;FADEC/2;EEC_LBL264_PS3SEL_B;;FADEC_2_EEC_LBL264_PS3SEL_B;EIU/2;EEC_B_PS3_Sel;;2;Connection Over Empty;X;;
EIU/2/Engine1_Inlet_Precooler_Press1;ALL-SIMU_FLOW_ENG_FFS1_reduced.csv;;;;Engine1_Inlet_Precooler_Press1;EIU/2;Engine1_Inlet_Precooler_Press1;;1;Connection Over Empty;;;
EIU/2/Engine1_Inlet_Precooler_Press1;ALL-SIMU_FLOW_MSP_CFM_V5.0.csv;BMC/1;ARO_LH_BPS_psig;;ARO_LH_BPS_psig_BMC_1;EIU/2;Engine1_Inlet_Precooler_Press1;Psi_To_mBar;2;Connection Over Empty;X;;
EIU/2/Engine1_Inlet_Precooler_Press2;ALL-SIMU_FLOW_ENG_FFS1_reduced.csv;;;;Engine1_Inlet_Precooler_Press2;EIU/2;Engine1_Inlet_Precooler_Press2;;1;Connection Over Empty;;;
EIU/2/Engine1_Inlet_Precooler_Press2;ALL-SIMU_FLOW_MSP_CFM_V5.0.csv;BMC/2;ARO_LH_BPS_psig;;ARO_LH_BPS_psig_BMC_2;EIU/2;Engine1_Inlet_Precooler_Press2;Psi_To_mBar;2;Connection Over Empty;X;;
EIU/2/Engine1_Running1;ALL-SIMU_FLOW_ENG_FFS1_reduced.csv;;;;Engine1_Running1;EIU/2;Engine1_Running1;;1;Connection Over Empty;;;
EIU/2/Engine1_Running1;ALL-SIMU_FLOW_MSP_CFM_V5.0.csv;BMC/1;ARO_LH_Eng_running;;ARO_LH_Eng_running_BMC_1;EIU/2;Engine1_Running1;;2;Connection Over Empty;X;;
EIU/2/Engine1_Running2;ALL-SIMU_FLOW_ENG_FFS1_reduced.csv;;;;Engine1_Running2;EIU/2;Engine1_Running2;;1;Connection Over Empty;;;
EIU/2/Engine1_Running2;ALL-SIMU_FLOW_MSP_CFM_V5.0.csv;BMC/2;ARO_LH_Eng_running;;ARO_LH_Eng_running_BMC_2;EIU/2;Engine1_Running2;;2;Connection Over Empty;X;;
EIU/2/Engine1_TCM_For_Flare_FCU;ALL-SIMU_FLOW_ENG_FFS1_reduced.csv;;;;Engine1_TCM_For_Flare_FCU;EIU/2;Engine1_TCM_For_Flare_FCU;;1;Priority;X;;
EIU/2/Engine1_TCM_For_Flare_FCU;ALL-SIMU_FLOW_MSP_CFM_V5.0.csv;;;;OUT_BTCM1;EIU/2;Engine1_TCM_For_Flare_FCU;;2;Priority;;;
EIU/2/Engine2_Inlet_Precooler_Press1;ALL-SIMU_FLOW_ENG_FFS1_reduced.csv;;;;Engine2_Inlet_Precooler_Press1;EIU/2;Engine2_Inlet_Precooler_Press1;;1;Connection Over Empty;;;
EIU/2/Engine2_Inlet_Precooler_Press1;ALL-SIMU_FLOW_MSP_CFM_V5.0.csv;BMC/1;ARO_RH_BPS_psig;;ARO_RH_BPS_psig_BMC_1;EIU/2;Engine2_Inlet_Precooler_Press1;Psi_To_mBar;2;Connection Over Empty;X;;
EIU/2/Engine2_Inlet_Precooler_Press2;ALL-SIMU_FLOW_ENG_FFS1_reduced.csv;;;;Engine2_Inlet_Precooler_Press2;EIU/2;Engine2_Inlet_Precooler_Press2;;1;Connection Over Empty;;;
EIU/2/Engine2_Inlet_Precooler_Press2;ALL-SIMU_FLOW_MSP_CFM_V5.0.csv;BMC/2;ARO_RH_BPS_psig;;ARO_RH_BPS_psig_BMC_2;EIU/2;Engine2_Inlet_Precooler_Press2;Psi_To_mBar;2;Connection Over Empty;X;;
EIU/2/Engine2_Running1;ALL-SIMU_FLOW_ENG_FFS1_reduced.csv;;;;Engine2_Running1;EIU/2;Engine2_Running1;;1;Connection Over Empty;;;
EIU/2/Engine2_Running1;ALL-SIMU_FLOW_MSP_CFM_V5.0.csv;BMC/1;ARO_RH_Eng_running;;ARO_RH_Eng_running_BMC_1;EIU/2;Engine2_Running1;;2;Connection Over Empty;X;;
EIU/2/Engine2_Running2;ALL-SIMU_FLOW_ENG_FFS1_reduced.csv;;;;Engine2_Running2;EIU/2;Engine2_Running2;;1;Connection Over Empty;;;
EIU/2/Engine2_Running2;ALL-SIMU_FLOW_MSP_CFM_V5.0.csv;BMC/2;ARO_RH_Eng_running;;ARO_RH_Eng_running_BMC_2;EIU/2;Engine2_Running2;;2;Connection Over Empty;X;;
EIU/2/Engine2_TCM_For_Flare_FCU;ALL-SIMU_FLOW_ENG_FFS1_reduced.csv;;;;Engine2_TCM_For_Flare_FCU;EIU/2;Engine2_TCM_For_Flare_FCU;;1;Priority;X;;
EIU/2/Engine2_TCM_For_Flare_FCU;ALL-SIMU_FLOW_MSP_CFM_V5.0.csv;;;;OUT_BTCM2;EIU/2;Engine2_TCM_For_Flare_FCU;;2;Priority;;;
EIU/2/Essencial115VAC_XP401;ALL-SIMU_FLOW_ENG_FFS1_reduced.csv;;;;Essencial115VAC_XP401;EIU/2;Essencial115VAC_XP401;;1;Connection Over Empty;;;
EIU/2/Essencial115VAC_XP401;ALL-SIMU_FLOW_MSP_CFM_V5.0.csv;syelec/1;EP401XP;;EP401XP;EIU/2;Essencial115VAC_XP401;;2;Connection Over Empty;X;;
EIU/2/Essencial28VDC_PP401;ALL-SIMU_FLOW_ENG_FFS1_reduced.csv;;;;Essencial28VDC_PP401;EIU/2;Essencial28VDC_PP401;;1;Connection Over Empty;;;
EIU/2/Essencial28VDC_PP401;ALL-SIMU_FLOW_MSP_CFM_V5.0.csv;syelec/1;EP401PP;;EP401PP;EIU/2;Essencial28VDC_PP401;;2;Connection Over Empty;X;;
EIU/2/FADEC_Soft_GA_Act;ALL-SIMU_FLOW_ENG_FFS1_reduced.csv;;;;FADEC_Soft_GA_Act;EIU/2;FADEC_Soft_GA_Act;;1;Priority;X;;
EIU/2/FADEC_Soft_GA_Act;ALL-SIMU_FLOW_MSP_CFM_V5.0.csv;;;;OUT_BSGAENG;EIU/2;FADEC_Soft_GA_Act;;2;Priority;;;
EIU/2/K1_in;ALL-SIMU_FLOW_ENG_FFS1_reduced.csv;;;;K1_in;EIU/2;K1_in;;1;Connection Over Empty;;;
EIU/2/K1_in;ALL-SIMU_FLOW_MSP_CFM_V5.0.csv;sycond/1;ACSC2_a4_b_label061_bit12_K1;;ACSC2_a4_b_label061_bit12_K1;EIU/2;K1_in;;2;Connection Over Empty;X;;
EIU/2/K2_in;ALL-SIMU_FLOW_ENG_FFS1_reduced.csv;;;;K2_in;EIU/2;K2_in;;1;Connection Over Empty;;;
EIU/2/K2_in;ALL-SIMU_FLOW_MSP_CFM_V5.0.csv;sycond/1;ACSC2_a4_b_label061_bit13_K2;;ACSC2_a4_b_label061_bit13_K2;EIU/2;K2_in;;2;Connection Over Empty;X;;
EIU/2/K3_in;ALL-SIMU_FLOW_ENG_FFS1_reduced.csv;;;;K3_in;EIU/2;K3_in;;1;Connection Over Empty;;;
EIU/2/K3_in;ALL-SIMU_FLOW_MSP_CFM_V5.0.csv;sycond/1;ACSC2_a4_b_label061_bit14_K3;;ACSC2_a4_b_label061_bit14_K3;EIU/2;K3_in;;2;Connection Over Empty;X;;
EIU/2/K4_in;ALL-SIMU_FLOW_ENG_FFS1_reduced.csv;;;;K4_in;EIU/2;K4_in;;1;Connection Over Empty;;;
EIU/2/K4_in;ALL-SIMU_FLOW_MSP_CFM_V5.0.csv;sycond/1;ACSC2_a4_b_label061_bit15_K4;;ACSC2_a4_b_label061_bit15_K4;EIU/2;K4_in;;2;Connection Over Empty;X;;
EIU/2/K5_in;ALL-SIMU_FLOW_ENG_FFS1_reduced.csv;;;;K5_in;EIU/2;K5_in;;1;Connection Over Empty;;;
EIU/2/K5_in;ALL-SIMU_FLOW_MSP_CFM_V5.0.csv;sycond/1;ACSC2_a4_b_label061_bit16_K5;;ACSC2_a4_b_label061_bit16_K5;EIU/2;K5_in;;2;Connection Over Empty;X;;
EIU/2/K6_in;ALL-SIMU_FLOW_ENG_FFS1_reduced.csv;;;;K6_in;EIU/2;K6_in;;1;Connection Over Empty;;;
EIU/2/K6_in;ALL-SIMU_FLOW_MSP_CFM_V5.0.csv;sycond/1;ACSC2_a4_b_label061_bit17_K6;;ACSC2_a4_b_label061_bit17_K6;EIU/2;K6_in;;2;Connection Over Empty;X;;
EIU/2/LVR_TOGA_Act;ALL-SIMU_FLOW_ENG_FFS1_reduced.csv;;;;LVR_TOGA_Act;EIU/2;LVR_TOGA_Act;;1;Priority;X;;
EIU/2/LVR_TOGA_Act;ALL-SIMU_FLOW_MSP_CFM_V5.0.csv;;;;OUT_BSGINSYS;EIU/2;LVR_TOGA_Act;;2;Priority;;;
EIU/2/MAN_Soft_GA_Act;ALL-SIMU_FLOW_ENG_FFS1_reduced.csv;;;;MAN_Soft_GA_Act;EIU/2;MAN_Soft_GA_Act;;1;Priority;X;;
EIU/2/MAN_Soft_GA_Act;ALL-SIMU_FLOW_MSP_CFM_V5.0.csv;;;;OUT_BSGADIS;EIU/2;MAN_Soft_GA_Act;;2;Priority;;;
EIU/2/Normal115VAC_XP103_XP204;ALL-SIMU_FLOW_ENG_FFS1_reduced.csv;;;;Normal115VAC_XP103_XP204;EIU/2;Normal115VAC_XP103_XP204;;1;Connection Over Empty;;;
EIU/2/Normal115VAC_XP103_XP204;ALL-SIMU_FLOW_MSP_CFM_V5.0.csv;syelec/1;EP204XP;;EP204XP;EIU/2;Normal115VAC_XP103_XP204;;2;Connection Over Empty;X;;
EIU/2/Normal28VDC_PP301_PP202;ALL-SIMU_FLOW_ENG_FFS1_reduced.csv;;;;Normal28VDC_PP301_PP202;EIU/2;Normal28VDC_PP301_PP202;;1;Connection Over Empty;;;
EIU/2/Normal28VDC_PP301_PP202;ALL-SIMU_FLOW_MSP_CFM_V5.0.csv;syelec/1;EP202PP;;EP202PP;EIU/2;Normal28VDC_PP301_PP202;;2;Connection Over Empty;X;;
EIU/2/One_Pack1;ALL-SIMU_FLOW_ENG_FFS1_reduced.csv;;;;One_Pack1;EIU/2;One_Pack1;;1;Connection Over Empty;;;
EIU/2/One_Pack1;ALL-SIMU_FLOW_MSP_CFM_V5.0.csv;sycond/1;ACSC1_a4_b_label061_bit24_OnePackOperation;;ACSC1_a4_b_label061_bit24_OnePackOperation;EIU/2;One_Pack1;;2;Connection Over Empty;X;;
EIU/2/One_Pack2;ALL-SIMU_FLOW_ENG_FFS1_reduced.csv;;;;One_Pack2;EIU/2;One_Pack2;;1;Connection Over Empty;;;
EIU/2/One_Pack2;ALL-SIMU_FLOW_MSP_CFM_V5.0.csv;sycond/1;ACSC2_a4_b_label061_bit24_OnePackOperation;;ACSC2_a4_b_label061_bit24_OnePackOperation;EIU/2;One_Pack2;;2;Connection Over Empty;X;;
EIU/2/Retard_Mode_Active;ALL-SIMU_FLOW_ENG_FFS1_reduced.csv;;;;Retard_Mode_Active;EIU/2;Retard_Mode_Active;;1;Connection Over Empty;;;
EIU/2/Retard_Mode_Active;ALL-SIMU_FLOW_MSP_CFM_V5.0.csv;FGE/1;OUT_BRETARD;;OUT_BRETARD;EIU/2;Retard_Mode_Active;;2;Connection Over Empty;X;;
EIU/2/Thrust_N1_Mode_Active;ALL-SIMU_FLOW_ENG_FFS1_reduced.csv;;;;Thrust_N1_Mode_Active;EIU/2;Thrust_N1_Mode_Active;;1;Connection Over Empty;;;
EIU/2/Thrust_N1_Mode_Active;ALL-SIMU_FLOW_MSP_CFM_V5.0.csv;FGE/1;OUT_BTHRUST;;OUT_BTHRUST;EIU/2;Thrust_N1_Mode_Active;;2;Connection Over Empty;X;;
EIU/2/Two_Pack1;ALL-SIMU_FLOW_ENG_FFS1_reduced.csv;;;;Two_Pack1;EIU/2;Two_Pack1;;1;Connection Over Empty;;;
EIU/2/Two_Pack1;ALL-SIMU_FLOW_MSP_CFM_V5.0.csv;sycond/1;ACSC1_a4_b_label061_bit25_TwoPackOperation;;ACSC1_a4_b_label061_bit25_TwoPackOperation;EIU/2;Two_Pack1;;2;Connection Over Empty;X;;
EIU/2/Two_Pack2;ALL-SIMU_FLOW_ENG_FFS1_reduced.csv;;;;Two_Pack2;EIU/2;Two_Pack2;;1;Connection Over Empty;;;
EIU/2/Two_Pack2;ALL-SIMU_FLOW_MSP_CFM_V5.0.csv;sycond/1;ACSC2_a4_b_label061_bit25_TwoPackOperation;;ACSC2_a4_b_label061_bit25_TwoPackOperation;EIU/2;Two_Pack2;;2;Connection Over Empty;X;;
EIU/2/Xbleed_Valve_Open1;ALL-SIMU_FLOW_ENG_FFS1_reduced.csv;;;;Xbleed_Valve_Open1;EIU/2;Xbleed_Valve_Open1;;1;Connection Over Empty;;;
EIU/2/Xbleed_Valve_Open1;ALL-SIMU_FLOW_MSP_CFM_V5.0.csv;BMC/1;ARX_OUT_CBV_SELECTION_OP;;ARX_OUT_CBV_SELECTION_OP_BMC_1;EIU/2;Xbleed_Valve_Open1;;2;Connection Over Empty;X;;
EIU/2/Xbleed_Valve_Open2;ALL-SIMU_FLOW_ENG_FFS1_reduced.csv;;;;Xbleed_Valve_Open2;EIU/2;Xbleed_Valve_Open2;;1;Connection Over Empty;;;
EIU/2/Xbleed_Valve_Open2;ALL-SIMU_FLOW_MSP_CFM_V5.0.csv;BMC/2;ARX_OUT_CBV_SELECTION_OP;;ARX_OUT_CBV_SELECTION_OP_BMC_2;EIU/2;Xbleed_Valve_Open2;;2;Connection Over Empty;X;;
FADEC/1/Aircraft_Disc_11_In_A;ALL-SIMU_FLOW_ENG_FFS1_reduced.csv;;;;Aircraft_Disc_11_In_A;FADEC/1;Aircraft_Disc_11_In_A;;1;Connection Over Empty;;;
FADEC/1/Aircraft_Disc_11_In_A;ALL-SIMU_FLOW_MSP_CFM_V5.0.csv;PKG_EFCS_comefcs/1;BGNDIDL_FD_1_sec_com;;BGNDIDL_FD_1_sec_com;FADEC/1;Aircraft_Disc_11_In_A;;2;Connection Over Empty;X;;
FADEC/1/Aircraft_Disc_11_In_B;ALL-SIMU_FLOW_ENG_FFS1_reduced.csv;;;;Aircraft_Disc_11_In_B;FADEC/1;Aircraft_Disc_11_In_B;;1;Connection Over Empty;;;
FADEC/1/Aircraft_Disc_11_In_B;ALL-SIMU_FLOW_MSP_CFM_V5.0.csv;PKG_EFCS_comefcs/1;BGNDIDL_FD_1_sec_com;;BGNDIDL_FD_1_sec_com;FADEC/1;Aircraft_Disc_11_In_B;;2;Connection Over Empty;X;;
FADEC/1/EIU_LBL125_GMT_A;ALL-SIMU_FLOW_ENG_FFS1_reduced.csv;;;;EIU_LBL125_GMT_A;FADEC/1;EIU_LBL125_GMT_A;;1;Connection Over Empty;;;
FADEC/1/EIU_LBL125_GMT_A;ALL-SIMU_FLOW_MSP_CFM_V5.0.csv;M_UTG/1;EIU_LBL125_GMT_A_int;;EIU_LBL125_GMT_A_int;FADEC/1;EIU_LBL125_GMT_A;;2;Connection Over Empty;X;;
FADEC/1/EIU_LBL125_GMT_B;ALL-SIMU_FLOW_ENG_FFS1_reduced.csv;;;;EIU_LBL125_GMT_B;FADEC/1;EIU_LBL125_GMT_B;;1;Connection Over Empty;;;
FADEC/1/EIU_LBL125_GMT_B;ALL-SIMU_FLOW_MSP_CFM_V5.0.csv;M_UTG/1;EIU_LBL125_GMT_B_int;;EIU_LBL125_GMT_B_int;FADEC/1;EIU_LBL125_GMT_B;;2;Connection Over Empty;X;;
FADEC/1/EIU_LBL260_Date_A;ALL-SIMU_FLOW_ENG_FFS1_reduced.csv;;;;EIU_LBL260_Date_A;FADEC/1;EIU_LBL260_Date_A;;1;Connection Over Empty;;;
FADEC/1/EIU_LBL260_Date_A;ALL-SIMU_FLOW_MSP_CFM_V5.0.csv;M_UTG/1;EIU_LBL260_Date_A_int;;EIU_LBL260_Date_A_int;FADEC/1;EIU_LBL260_Date_A;;2;Connection Over Empty;X;;
FADEC/1/EIU_LBL260_Date_B;ALL-SIMU_FLOW_ENG_FFS1_reduced.csv;;;;EIU_LBL260_Date_B;FADEC/1;EIU_LBL260_Date_B;;1;Connection Over Empty;;;
FADEC/1/EIU_LBL260_Date_B;ALL-SIMU_FLOW_MSP_CFM_V5.0.csv;M_UTG/1;EIU_LBL260_Date_B_int;;EIU_LBL260_Date_B_int;FADEC/1;EIU_LBL260_Date_B;;2;Connection Over Empty;X;;
FADEC/1/EIU_LBL31_WOW_A;ALL-SIMU_FLOW_ENG_FFS1_reduced.csv;EIU/1;DE_EEC_Channel_A;;EIU_1_DE_EEC_Channel_A;FADEC/1;EIU_LBL31_WOW_A;;1;Priority;X;;
FADEC/1/EIU_LBL31_WOW_A;ALL-SIMU_FLOW_MSP_CFM_V5.0.csv;EIU/1;Confirmed_Ground;;EIU_1_Confirmed_Ground;FADEC/1;EIU_LBL31_WOW_A;;2;Priority;;;
FADEC/1/EIU_LBL31_WOW_B;ALL-SIMU_FLOW_ENG_FFS1_reduced.csv;EIU/1;DE_EEC_Channel_A;;EIU_1_DE_EEC_Channel_A;FADEC/1;EIU_LBL31_WOW_B;;1;Priority;X;;
FADEC/1/EIU_LBL31_WOW_B;ALL-SIMU_FLOW_MSP_CFM_V5.0.csv;EIU/1;Confirmed_Ground;;EIU_1_Confirmed_Ground;FADEC/1;EIU_LBL31_WOW_B;;2;Priority;;;
FADEC/1/NAIPCore_Sen_In_B;ALL-SIMU_FLOW_ENG_FFS1_reduced.csv;;;;NAIPCore_Sen_In_B;FADEC/1;NAIPCore_Sen_In_B;;1;Connection Over Empty;;;
FADEC/1/NAIPCore_Sen_In_B;ALL-SIMU_FLOW_MSP_CFM_V5.0.csv;NEO_NAI/1;nai1_es_f_pt_upstream_chb_pressure_feedback;;nai1_es_f_pt_upstream_chb_pressure_feedback;FADEC/1;NAIPCore_Sen_In_B;;2;Connection Over Empty;X;;
FADEC/1/NAIPFan_Sen_In_A;ALL-SIMU_FLOW_ENG_FFS1_reduced.csv;;;;NAIPFan_Sen_In_A;FADEC/1;NAIPFan_Sen_In_A;;1;Connection Over Empty;;;
FADEC/1/NAIPFan_Sen_In_A;ALL-SIMU_FLOW_MSP_CFM_V5.0.csv;NEO_NAI/1;nai1_es_f_pt_downstream_cha_pressure_feedback;;nai1_es_f_pt_downstream_cha_pressure_feedback;FADEC/1;NAIPFan_Sen_In_A;;2;Connection Over Empty;X;;
FADEC/1/NAIPFan_Sen_In_B;ALL-SIMU_FLOW_ENG_FFS1_reduced.csv;;;;NAIPFan_Sen_In_B;FADEC/1;NAIPFan_Sen_In_B;;1;Connection Over Empty;;;
FADEC/1/NAIPFan_Sen_In_B;ALL-SIMU_FLOW_MSP_CFM_V5.0.csv;NEO_NAI/1;nai1_es_f_pt_downstream_chb_pressure_feedback;;nai1_es_f_pt_downstream_chb_pressure_feedback;FADEC/1;NAIPFan_Sen_In_B;;2;Connection Over Empty;X;;
FADEC/1/TFuel_Sen_In_A;ALL-SIMU_FLOW_ENG_FFS1_reduced.csv;;;;TFuel_Sen_In_A;FADEC/1;TFuel_Sen_In_A;;1;Connection Over Empty;;;
FADEC/1/TFuel_Sen_In_A;ALL-SIMU_FLOW_MSP_CFM_V5.0.csv;fuelmo/1;FITEMPLH;;FITEMPLH;FADEC/1;TFuel_Sen_In_A;;2;Connection Over Empty;X;;
FADEC/1/TFuel_Sen_In_B;ALL-SIMU_FLOW_ENG_FFS1_reduced.csv;;;;TFuel_Sen_In_B;FADEC/1;TFuel_Sen_In_B;;1;Connection Over Empty;;;
FADEC/1/TFuel_Sen_In_B;ALL-SIMU_FLOW_MSP_CFM_V5.0.csv;fuelmo/1;FITEMPLH;;FITEMPLH;FADEC/1;TFuel_Sen_In_B;;2;Connection Over Empty;X;;
FADEC/2/Aircraft_Disc_11_In_A;ALL-SIMU_FLOW_ENG_FFS1_reduced.csv;;;;Aircraft_Disc_11_In_A;FADEC/2;Aircraft_Disc_11_In_A;;1;Connection Over Empty;;;
FADEC/2/Aircraft_Disc_11_In_A;ALL-SIMU_FLOW_MSP_CFM_V5.0.csv;PKG_EFCS_comefcs/1;BGNDIDL_FD_2_sec_com;;BGNDIDL_FD_2_sec_com;FADEC/2;Aircraft_Disc_11_In_A;;2;Connection Over Empty;X;;
FADEC/2/Aircraft_Disc_11_In_B;ALL-SIMU_FLOW_ENG_FFS1_reduced.csv;;;;Aircraft_Disc_11_In_B;FADEC/2;Aircraft_Disc_11_In_B;;1;Connection Over Empty;;;
FADEC/2/Aircraft_Disc_11_In_B;ALL-SIMU_FLOW_MSP_CFM_V5.0.csv;PKG_EFCS_comefcs/1;BGNDIDL_FD_2_sec_com;;BGNDIDL_FD_2_sec_com;FADEC/2;Aircraft_Disc_11_In_B;;2;Connection Over Empty;X;;
FADEC/2/EIU_LBL125_GMT_A;ALL-SIMU_FLOW_ENG_FFS1_reduced.csv;;;;EIU_LBL125_GMT_A;FADEC/2;EIU_LBL125_GMT_A;;1;Connection Over Empty;;;
FADEC/2/EIU_LBL125_GMT_A;ALL-SIMU_FLOW_MSP_CFM_V5.0.csv;M_UTG/1;EIU_LBL125_GMT_A_int;;EIU_LBL125_GMT_A_int;FADEC/2;EIU_LBL125_GMT_A;;2;Connection Over Empty;X;;
FADEC/2/EIU_LBL125_GMT_B;ALL-SIMU_FLOW_ENG_FFS1_reduced.csv;;;;EIU_LBL125_GMT_B;FADEC/2;EIU_LBL125_GMT_B;;1;Connection Over Empty;;;
FADEC/2/EIU_LBL125_GMT_B;ALL-SIMU_FLOW_MSP_CFM_V5.0.csv;M_UTG/1;EIU_LBL125_GMT_B_int;;EIU_LBL125_GMT_B_int;FADEC/2;EIU_LBL125_GMT_B;;2;Connection Over Empty;X;;
FADEC/2/EIU_LBL260_Date_A;ALL-SIMU_FLOW_ENG_FFS1_reduced.csv;;;;EIU_LBL260_Date_A;FADEC/2;EIU_LBL260_Date_A;;1;Connection Over Empty;;;
FADEC/2/EIU_LBL260_Date_A;ALL-SIMU_FLOW_MSP_CFM_V5.0.csv;M_UTG/1;EIU_LBL260_Date_A_int;;EIU_LBL260_Date_A_int;FADEC/2;EIU_LBL260_Date_A;;2;Connection Over Empty;X;;
FADEC/2/EIU_LBL260_Date_B;ALL-SIMU_FLOW_ENG_FFS1_reduced.csv;;;;EIU_LBL260_Date_B;FADEC/2;EIU_LBL260_Date_B;;1;Connection Over Empty;;;
FADEC/2/EIU_LBL260_Date_B;ALL-SIMU_FLOW_MSP_CFM_V5.0.csv;M_UTG/1;EIU_LBL260_Date_B_int;;EIU_LBL260_Date_B_int;FADEC/2;EIU_LBL260_Date_B;;2;Connection Over Empty;X;;
FADEC/2/NAIPCore_Sen_In_B;ALL-SIMU_FLOW_ENG_FFS1_reduced.csv;;;;NAIPCore_Sen_In_B;FADEC/2;NAIPCore_Sen_In_B;;1;Connection Over Empty;;;
FADEC/2/NAIPCore_Sen_In_B;ALL-SIMU_FLOW_MSP_CFM_V5.0.csv;NEO_NAI/1;nai2_es_f_pt_upstream_chb_pressure_feedback;;nai2_es_f_pt_upstream_chb_pressure_feedback;FADEC/2;NAIPCore_Sen_In_B;;2;Connection Over Empty;X;;
FADEC/2/NAIPFan_Sen_In_A;ALL-SIMU_FLOW_ENG_FFS1_reduced.csv;;;;NAIPFan_Sen_In_A;FADEC/2;NAIPFan_Sen_In_A;;1;Connection Over Empty;;;
FADEC/2/NAIPFan_Sen_In_A;ALL-SIMU_FLOW_MSP_CFM_V5.0.csv;NEO_NAI/1;nai2_es_f_pt_downstream_cha_pressure_feedback;;nai2_es_f_pt_downstream_cha_pressure_feedback;FADEC/2;NAIPFan_Sen_In_A;;2;Connection Over Empty;X;;
FADEC/2/NAIPFan_Sen_In_B;ALL-SIMU_FLOW_ENG_FFS1_reduced.csv;;;;NAIPFan_Sen_In_B;FADEC/2;NAIPFan_Sen_In_B;;1;Connection Over Empty;;;
FADEC/2/NAIPFan_Sen_In_B;ALL-SIMU_FLOW_MSP_CFM_V5.0.csv;NEO_NAI/1;nai2_es_f_pt_downstream_chb_pressure_feedback;;nai2_es_f_pt_downstream_chb_pressure_feedback;FADEC/2;NAIPFan_Sen_In_B;;2;Connection Over Empty;X;;
FADEC/2/TFuel_Sen_In_A;ALL-SIMU_FLOW_ENG_FFS1_reduced.csv;;;;TFuel_Sen_In_A;FADEC/2;TFuel_Sen_In_A;;1;Connection Over Empty;;;
FADEC/2/TFuel_Sen_In_A;ALL-SIMU_FLOW_MSP_CFM_V5.0.csv;fuelmo/1;FITEMPRH;;FITEMPRH;FADEC/2;TFuel_Sen_In_A;;2;Connection Over Empty;X;;
FADEC/2/TFuel_Sen_In_B;ALL-SIMU_FLOW_ENG_FFS1_reduced.csv;;;;TFuel_Sen_In_B;FADEC/2;TFuel_Sen_In_B;;1;Connection Over Empty;;;
FADEC/2/TFuel_Sen_In_B;ALL-SIMU_FLOW_MSP_CFM_V5.0.csv;fuelmo/1;FITEMPRH;;FITEMPRH;FADEC/2;TFuel_Sen_In_B;;2;Connection Over Empty;X;;
PLANT/1/WBAI;ALL-SIMU_FLOW_ENG_FFS1_reduced.csv;;;;WBAI;PLANT/1;WBAI;;1;Connection Over Empty;;;
PLANT/1/WBAI;ALL-SIMU_FLOW_MSP_CFM_V5.0.csv;NEO_NAI/1;nai1_es_f_WBAI_1;;nai1_es_f_WBAI_1;PLANT/1;WBAI;;2;Connection Over Empty;X;;
PLANT/1/WBFAN;ALL-SIMU_FLOW_ENG_FFS1_reduced.csv;;;;WBFAN;PLANT/1;WBFAN;;1;Connection Over Empty;;;
PLANT/1/WBFAN;ALL-SIMU_FLOW_MSP_CFM_V5.0.csv;BHP/1;Q_FAV_L;;Q_FAV_L;PLANT/1;WBFAN;;2;Connection Over Empty;X;;
PLANT/1/WBHP;ALL-SIMU_FLOW_ENG_FFS1_reduced.csv;;;;WBHP;PLANT/1;WBHP;;1;Connection Over Empty;;;
PLANT/1/WBHP;ALL-SIMU_FLOW_MSP_CFM_V5.0.csv;BHP/1;Q_HPV_L;;Q_HPV_L;PLANT/1;WBHP;;2;Connection Over Empty;X;;
PLANT/1/WBIP;ALL-SIMU_FLOW_ENG_FFS1_reduced.csv;;;;WBIP;PLANT/1;WBIP;;1;Connection Over Empty;;;
PLANT/1/WBIP;ALL-SIMU_FLOW_MSP_CFM_V5.0.csv;BHP/1;Q_IPCV_L;;Q_IPCV_L;PLANT/1;WBIP;;2;Connection Over Empty;X;;
PLANT/2/WBAI;ALL-SIMU_FLOW_ENG_FFS1_reduced.csv;;;;WBAI;PLANT/2;WBAI;;1;Connection Over Empty;;;
PLANT/2/WBAI;ALL-SIMU_FLOW_MSP_CFM_V5.0.csv;NEO_NAI/1;nai2_es_f_WBAI_2;;nai2_es_f_WBAI_2;PLANT/2;WBAI;;2;Connection Over Empty;X;;
PLANT/2/WBFAN;ALL-SIMU_FLOW_ENG_FFS1_reduced.csv;;;;WBFAN;PLANT/2;WBFAN;;1;Connection Over Empty;;;
PLANT/2/WBFAN;ALL-SIMU_FLOW_MSP_CFM_V5.0.csv;BHP/1;Q_FAV_R;;Q_FAV_R;PLANT/2;WBFAN;;2;Connection Over Empty;X;;
PLANT/2/WBHP;ALL-SIMU_FLOW_ENG_FFS1_reduced.csv;;;;WBHP;PLANT/2;WBHP;;1;Connection Over Empty;;;
PLANT/2/WBHP;ALL-SIMU_FLOW_MSP_CFM_V5.0.csv;BHP/1;Q_HPV_R;;Q_HPV_R;PLANT/2;WBHP;;2;Connection Over Empty;X;;
PLANT/2/WBIP;ALL-SIMU_FLOW_ENG_FFS1_reduced.csv;;;;WBIP;PLANT/2;WBIP;;1;Connection Over Empty;;;
PLANT/2/WBIP;ALL-SIMU_FLOW_MSP_CFM_V5.0.csv;BHP/1;Q_IPCV_R;;Q_IPCV_R;PLANT/2;WBIP;;2;Connection Over Empty;X;;
